forecast,realized,date,asset_id,model
-0.0016029075486585498,-0.004668,2022-01-03,10107,timesfm-2.5-252
-0.00033228076063096523,0.025004,2022-01-03,14593,timesfm-2.5-252
-0.0029411427676677704,-0.017147,2022-01-04,10107,timesfm-2.5-252
0.0042461371049284935,-0.012692,2022-01-04,14593,timesfm-2.5-252
-0.0033147830981761217,-0.038388,2022-01-05,10107,timesfm-2.5-252
0.0012205654056742787,-0.0266,2022-01-05,14593,timesfm-2.5-252
-0.01162037719041109,-0.007902,2022-01-06,10107,timesfm-2.5-252
-0.006051653530448675,-0.016693,2022-01-06,14593,timesfm-2.5-252
-0.006306855008006096,0.00051,2022-01-07,10107,timesfm-2.5-252
-0.004721948876976967,0.000988,2022-01-07,14593,timesfm-2.5-252
